IndicatorCode,Indicator,ValueType,ParentLocationCode,ParentLocation,Location type,SpatialDimValueCode,Location,Period type,Period,IsLatestYear,Dim1 type,Dim1,Dim1ValueCode,Dim2 type,Dim2,Dim2ValueCode,Dim3 type,Dim3,Dim3ValueCode,DataSourceDimValueCode,DataSource,FactValueNumericPrefix,FactValueNumeric,FactValueUoM,FactValueNumericLowPrefix,FactValueNumericLow,FactValueNumericHighPrefix,FactValueNumericHigh,Value,FactValueTranslationID,FactComments,Language,DateModified
AIR_41,Ambient air pollution attributable deaths,numeric,EUR,Europe,Country,ALB,Albania,Year,2019,true,Sex,Both sexes,SEX_BTSX,Cause,Stroke,ENVCAUSE_ENVCAUSE114,,,,,,,1029,,,488.2,,1624,1 029 [488-1 624],,,EN,2022-08-25T22:00:00.000Z
AIR_41,Ambient air pollution attributable deaths,numeric,EUR,Europe,Country,SVN,Slovenia,Year,2019,true,Sex,Both sexes,SEX_BTSX,Cause,Total,ENVCAUSE_ENVCAUSE000,,,,,,,1102,,,797.8,,1389,1 102 [798-1 389],,,EN,2022-08-25T22:00:00.000Z
AIR_41,Ambient air pollution attributable deaths,numeric,EUR,Europe,Country,IRL,Ireland,Year,2019,true,Sex,Both sexes,SEX_BTSX,Cause,Total,ENVCAUSE_ENVCAUSE000,,,,,,,1116,,,737,,1515,1 116 [737-1 515],,,EN,2022-08-25T22:00:00.000Z
AIR_41,Ambient air pollution attributable deaths,numeric,EUR,Europe,Country,BIH,Bosnia and Herzegovina,Year,2019,true,Sex,Both sexes,SEX_BTSX,Cause,Stroke,ENVCAUSE_ENVCAUSE114,,,,,,,1168,,,604.1,,1751,1 168 [604-1 751],,,EN,2022-08-25T22:00:00.000Z
AIR_41,Ambient air pollution attributable deaths,numeric,EUR,Europe,Country,FIN,Finland,Year,2019,true,Sex,Both sexes,SEX_BTSX,Cause,Total,ENVCAUSE_ENVCAUSE000,,,,,,,1185,,,642.1,,1703,1 185 [642-1 703],,,EN,2022-08-25T22:00:00.000Z
AIR_41,Ambient air pollution attributable deaths,numeric,EUR,Europe,Country,GRC,Greece,Year,2019,true,Sex,Both sexes,SEX_BTSX,Cause,Lower respiratory infections,ENVCAUSE_ENVCAUSE039,,,,,,,1253,,,567.5,,2041,1 253 [567-2 041],,,EN,2022-08-25T22:00:00.000Z
AIR_41,Ambient air pollution attributable deaths,numeric,EUR,Europe,Country,HUN,Hungary,Year,2019,true,Sex,Both sexes,SEX_BTSX,Cause,Stroke,ENVCAUSE_ENVCAUSE114,,,,,,,1292,,,583.6,,2111,1 292 [584-2 111],,,EN,2022-08-25T22:00:00.000Z
AIR_41,Ambient air pollution attributable deaths,numeric,EUR,Europe,Country,ROU,Romania,Year,2019,true,Sex,Both sexes,SEX_BTSX,Cause,Lower respiratory infections,ENVCAUSE_ENVCAUSE039,,,,,,,1301,,,551.9,,2192,1 301 [552-2 192],,,EN,2022-08-25T22:00:00.000Z
AIR_41,Ambient air pollution attributable deaths,numeric,EUR,Europe,Country,ESP,Spain,Year,2019,true,Sex,Both sexes,SEX_BTSX,Cause,Lower respiratory infections,ENVCAUSE_ENVCAUSE039,,,,,,,1346,,,450.8,,2594,1 346 [451-2 594],,,EN,2022-08-25T22:00:00.000Z
AIR_41,Ambient air pollution attributable deaths,numeric,EUR,Europe,Country,LVA,Latvia,Year,2019,true,Sex,Both sexes,SEX_BTSX,Cause,Ischaemic heart disease,ENVCAUSE_ENVCAUSE113,,,,,,,1397,,,817.5,,1868,1 397 [817-1 868],,,EN,2022-08-25T22:00:00.000Z
AIR_41,Ambient air pollution attributable deaths,numeric,EUR,Europe,Country,ESP,Spain,Year,2019,true,Sex,Both sexes,SEX_BTSX,Cause,Chronic obstructive pulmonary disease,ENVCAUSE_ENVCAUSE118,,,,,,,1400,,,271.7,,3524,1 400 [272-3 524],,,EN,2022-08-25T22:00:00.000Z
AIR_41,Ambient air pollution attributable deaths,numeric,EUR,Europe,Country,GBR,United Kingdom of Great Britain and Northern Ireland,Year,2019,true,Sex,Both sexes,SEX_BTSX,Cause,"Trachea, bronchus, lung cancers",ENVCAUSE_ENVCAUSE068,,,,,,,1438,,,680.8,,2578,1 438 [681-2 578],,,EN,2022-08-25T22:00:00.000Z
AIR_41,Ambient air pollution attributable deaths,numeric,EUR,Europe,Country,FRA,France,Year,2019,true,Sex,Both sexes,SEX_BTSX,Cause,Chronic obstructive pulmonary disease,ENVCAUSE_ENVCAUSE118,,,,,,,1514,,,329.7,,3704,1 514 [330-3 704],,,EN,2022-08-25T22:00:00.000Z
AIR_41,Ambient air pollution attributable deaths,numeric,EUR,Europe,Country,GRC,Greece,Year,2019,true,Sex,Both sexes,SEX_BTSX,Cause,Stroke,ENVCAUSE_ENVCAUSE114,,,,,,,1544,,,720.1,,2512,1 544 [720-2 512],,,EN,2022-08-25T22:00:00.000Z
AIR_41,Ambient air pollution attributable deaths,numeric,EUR,Europe,Country,SWE,Sweden,Year,2019,true,Sex,Both sexes,SEX_BTSX,Cause,Ischaemic heart disease,ENVCAUSE_ENVCAUSE113,,,,,,,1605,,,809.8,,2388,1 605 [810-2 388],,,EN,2022-08-25T22:00:00.000Z
AIR_41,Ambient air pollution attributable deaths,numeric,EUR,Europe,Country,FRA,France,Year,2019,true,Sex,Both sexes,SEX_BTSX,Cause,"Trachea, bronchus, lung cancers",ENVCAUSE_ENVCAUSE068,,,,,,,1631,,,780.8,,2874,1 631 [781-2 874],,,EN,2022-08-25T22:00:00.000Z
AIR_41,Ambient air pollution attributable deaths,numeric,EUR,Europe,Country,CHE,Switzerland,Year,2019,true,Sex,Both sexes,SEX_BTSX,Cause,Ischaemic heart disease,ENVCAUSE_ENVCAUSE113,,,,,,,1632,,,915.1,,2257,1 632 [915-2 257],,,EN,2022-08-25T22:00:00.000Z
AIR_41,Ambient air pollution attributable deaths,numeric,EUR,Europe,Country,ALB,Albania,Year,2019,true,Sex,Both sexes,SEX_BTSX,Cause,Ischaemic heart disease,ENVCAUSE_ENVCAUSE113,,,,,,,1722,,,1052,,2244,1 722 [1 052-2 244],,,EN,2022-08-25T22:00:00.000Z
AIR_41,Ambient air pollution attributable deaths,numeric,EUR,Europe,Country,POL,Poland,Year,2019,true,Sex,Both sexes,SEX_BTSX,Cause,Chronic obstructive pulmonary disease,ENVCAUSE_ENVCAUSE118,,,,,,,1795,,,551.2,,3769,1 795 [551-3 769],,,EN,2022-08-25T22:00:00.000Z
AIR_41,Ambient air pollution attributable deaths,numeric,EUR,Europe,Country,DNK,Denmark,Year,2019,true,Sex,Both sexes,SEX_BTSX,Cause,Total,ENVCAUSE_ENVCAUSE000,,,,,,,1871,,,1280,,2588,1 871 [1 280-2 588],,,EN,2022-08-25T22:00:00.000Z
AIR_41,Ambient air pollution attributable deaths,numeric,EUR,Europe,Country,EST,Estonia,Year,2019,true,Sex,Both sexes,SEX_BTSX,Cause,Chronic obstructive pulmonary disease,ENVCAUSE_ENVCAUSE118,,,,,,,10.32,,,1.21,,28.96,10 [1-29],,,EN,2022-08-25T22:00:00.000Z
AIR_41,Ambient air pollution attributable deaths,numeric,EUR,Europe,Country,LUX,Luxembourg,Year,2019,true,Sex,Both sexes,SEX_BTSX,Cause,Lower respiratory infections,ENVCAUSE_ENVCAUSE039,,,,,,,10.42,,,3.12,,20.98,10 [3-21],,,EN,2022-08-25T22:00:00.000Z
AIR_41,Ambient air pollution attributable deaths,numeric,EUR,Europe,Country,LUX,Luxembourg,Year,2019,true,Sex,Both sexes,SEX_BTSX,Cause,"Trachea, bronchus, lung cancers",ENVCAUSE_ENVCAUSE068,,,,,,,9.55,,,4.31,,17.47,10 [4-17],,,EN,2022-08-25T22:00:00.000Z
AIR_41,Ambient air pollution attributable deaths,numeric,EUR,Europe,Country,FRA,France,Year,2019,true,Sex,Both sexes,SEX_BTSX,Cause,Ischaemic heart disease,ENVCAUSE_ENVCAUSE113,,,,,,,10370,,,5976,,14041,10 370 [5 976-14 041],,,EN,2022-08-25T22:00:00.000Z
AIR_41,Ambient air pollution attributable deaths,numeric,EUR,Europe,Country,BGR,Bulgaria,Year,2019,true,Sex,Both sexes,SEX_BTSX,Cause,Total,ENVCAUSE_ENVCAUSE000,,,,,,,10863,,,7692,,13711,10 863 [7 692-13 711],,,EN,2022-08-25T22:00:00.000Z
AIR_41,Ambient air pollution attributable deaths,numeric,EUR,Europe,Country,LUX,Luxembourg,Year,2019,true,Sex,Both sexes,SEX_BTSX,Cause,Ischaemic heart disease,ENVCAUSE_ENVCAUSE113,,,,,,,100,,,56.09,,137.2,100 [56-137],,,EN,2022-08-25T22:00:00.000Z
AIR_41,Ambient air pollution attributable deaths,numeric,EUR,Europe,Country,BIH,Bosnia and Herzegovina,Year,2019,true,Sex,Both sexes,SEX_BTSX,Cause,Lower respiratory infections,ENVCAUSE_ENVCAUSE039,,,,,,,99.77,,,62.17,,138.9,100 [62-139],,,EN,2022-08-25T22:00:00.000Z
AIR_41,Ambient air pollution attributable deaths,numeric,EUR,Europe,Country,ALB,Albania,Year,2019,true,Sex,Both sexes,SEX_BTSX,Cause,Chronic obstructive pulmonary disease,ENVCAUSE_ENVCAUSE118,,,,,,,104.1,,,29.25,,231.1,104 [29-231],,,EN,2022-08-25T22:00:00.000Z
AIR_41,Ambient air pollution attributable deaths,numeric,EUR,Europe,Country,ALB,Albania,Year,2019,true,Sex,Both sexes,SEX_BTSX,Cause,Lower respiratory infections,ENVCAUSE_ENVCAUSE039,,,,,,,104,,,50.48,,161.2,104 [50-161],,,EN,2022-08-25T22:00:00.000Z
AIR_41,Ambient air pollution attributable deaths,numeric,EUR,Europe,Country,GBR,United Kingdom of Great Britain and Northern Ireland,Year,2019,true,Sex,Both sexes,SEX_BTSX,Cause,Ischaemic heart disease,ENVCAUSE_ENVCAUSE113,,,,,,,11234,,,6376,,15395,11 234 [6 376-15 395],,,EN,2022-08-25T22:00:00.000Z
AIR_41,Ambient air pollution attributable deaths,numeric,EUR,Europe,Country,IRL,Ireland,Year,2019,true,Sex,Both sexes,SEX_BTSX,Cause,Lower respiratory infections,ENVCAUSE_ENVCAUSE039,,,,,,,109.6,,,32.05,,229,110 [32-229],,,EN,2022-08-25T22:00:00.000Z
AIR_41,Ambient air pollution attributable deaths,numeric,EUR,Europe,Country,NOR,Norway,Year,2019,true,Sex,Both sexes,SEX_BTSX,Cause,Chronic obstructive pulmonary disease,ENVCAUSE_ENVCAUSE118,,,,,,,117.3,,,15.31,,333.4,117 [15-333],,,EN,2022-08-25T22:00:00.000Z
AIR_41,Ambient air pollution attributable deaths,numeric,EUR,Europe,Country,IRL,Ireland,Year,2019,true,Sex,Both sexes,SEX_BTSX,Cause,Chronic obstructive pulmonary disease,ENVCAUSE_ENVCAUSE118,,,,,,,124.4,,,20.47,,328.3,124 [20-328],,,EN,2022-08-25T22:00:00.000Z
AIR_41,Ambient air pollution attributable deaths,numeric,EUR,Europe,Country,NOR,Norway,Year,2019,true,Sex,Both sexes,SEX_BTSX,Cause,Stroke,ENVCAUSE_ENVCAUSE114,,,,,,,126.5,,,36.23,,264.6,126 [36-265],,,EN,2022-08-25T22:00:00.000Z
AIR_41,Ambient air pollution attributable deaths,numeric,EUR,Europe,Country,SWE,Sweden,Year,2019,true,Sex,Both sexes,SEX_BTSX,Cause,Lower respiratory infections,ENVCAUSE_ENVCAUSE039,,,,,,,128.9,,,26.43,,315.1,129 [26-315],,,EN,2022-08-25T22:00:00.000Z
AIR_41,Ambient air pollution attributable deaths,numeric,EUR,Europe,Country,IRL,Ireland,Year,2019,true,Sex,Both sexes,SEX_BTSX,Cause,Stroke,ENVCAUSE_ENVCAUSE114,,,,,,,128.6,,,44.53,,245.8,129 [45-246],,,EN,2022-08-25T22:00:00.000Z
AIR_41,Ambient air pollution attributable deaths,numeric,EUR,Europe,Country,EST,Estonia,Year,2019,true,Sex,Both sexes,SEX_BTSX,Cause,"Trachea, bronchus, lung cancers",ENVCAUSE_ENVCAUSE068,,,,,,,12.82,,,4.93,,25.37,13 [5-25],,,EN,2022-08-25T22:00:00.000Z
AIR_41,Ambient air pollution attributable deaths,numeric,EUR,Europe,Country,ROU,Romania,Year,2019,true,Sex,Both sexes,SEX_BTSX,Cause,Ischaemic heart disease,ENVCAUSE_ENVCAUSE113,,,,,,,13054,,,7822,,17270,13 054 [7 822-17 270],,,EN,2022-08-25T22:00:00.000Z
AIR_41,Ambient air pollution attributable deaths,numeric,EUR,Europe,Country,ESP,Spain,Year,2019,true,Sex,Both sexes,SEX_BTSX,Cause,Total,ENVCAUSE_ENVCAUSE000,,,,,,,13910,,,9622,,18428,13 910 [9 622-18 428],,,EN,2022-08-25T22:00:00.000Z
AIR_41,Ambient air pollution attributable deaths,numeric,EUR,Europe,Country,CHE,Switzerland,Year,2019,true,Sex,Both sexes,SEX_BTSX,Cause,"Trachea, bronchus, lung cancers",ENVCAUSE_ENVCAUSE068,,,,,,,130.3,,,60.21,,238.4,130 [60-238],,,EN,2022-08-25T22:00:00.000Z
AIR_41,Ambient air pollution attributable deaths,numeric,EUR,Europe,Country,SVK,Slovakia,Year,2019,true,Sex,Both sexes,SEX_BTSX,Cause,Chronic obstructive pulmonary disease,ENVCAUSE_ENVCAUSE118,,,,,,,131.1,,,36.77,,287.6,131 [37-288],,,EN,2022-08-25T22:00:00.000Z
AIR_41,Ambient air pollution attributable deaths,numeric,EUR,Europe,Country,ARM,Armenia,Year,2019,true,Sex,Both sexes,SEX_BTSX,Cause,"Trachea, bronchus, lung cancers",ENVCAUSE_ENVCAUSE068,,,,,,,148.4,,,81.72,,229.3,148 [82-229],,,EN,2022-08-25T22:00:00.000Z
AIR_41,Ambient air pollution attributable deaths,numeric,EUR,Europe,Country,DNK,Denmark,Year,2019,true,Sex,Both sexes,SEX_BTSX,Cause,"Trachea, bronchus, lung cancers",ENVCAUSE_ENVCAUSE068,,,,,,,153.2,,,71.51,,277.4,153 [72-277],,,EN,2022-08-25T22:00:00.000Z
AIR_41,Ambient air pollution attributable deaths,numeric,EUR,Europe,Country,LUX,Luxembourg,Year,2019,true,Sex,Both sexes,SEX_BTSX,Cause,Total,ENVCAUSE_ENVCAUSE000,,,,,,,157.4,,,102.3,,210.8,157 [102-211],,,EN,2022-08-25T22:00:00.000Z
AIR_41,Ambient air pollution attributable deaths,numeric,EUR,Europe,Country,ARM,Armenia,Year,2019,true,Sex,Both sexes,SEX_BTSX,Cause,Chronic obstructive pulmonary disease,ENVCAUSE_ENVCAUSE118,,,,,,,158.4,,,55.36,,301,158 [55-301],,,EN,2022-08-25T22:00:00.000Z
AIR_41,Ambient air pollution attributable deaths,numeric,EUR,Europe,Country,HRV,Croatia,Year,2019,true,Sex,Both sexes,SEX_BTSX,Cause,Lower respiratory infections,ENVCAUSE_ENVCAUSE039,,,,,,,158.8,,,74.68,,255.4,159 [75-255],,,EN,2022-08-25T22:00:00.000Z
AIR_41,Ambient air pollution attributable deaths,numeric,EUR,Europe,Country,FIN,Finland,Year,2019,true,Sex,Both sexes,SEX_BTSX,Cause,Stroke,ENVCAUSE_ENVCAUSE114,,,,,,,168.9,,,40.05,,389.9,169 [40-390],,,EN,2022-08-25T22:00:00.000Z
AIR_41,Ambient air pollution attributable deaths,numeric,EUR,Europe,Country,FIN,Finland,Year,2019,true,Sex,Both sexes,SEX_BTSX,Cause,Lower respiratory infections,ENVCAUSE_ENVCAUSE039,,,,,,,17.37,,,3.05,,44.35,17 [3-44],,,EN,2022-08-25T22:00:00.000Z
AIR_41,Ambient air pollution attributable deaths,numeric,EUR,Europe,Country,LUX,Luxembourg,Year,2019,true,Sex,Both sexes,SEX_BTSX,Cause,Chronic obstructive pulmonary disease,ENVCAUSE_ENVCAUSE118,,,,,,,17.29,,,3.1,,44.44,17 [3-44],,,EN,2022-08-25T22:00:00.000Z
AIR_41,Ambient air pollution attributable deaths,numeric,EUR,Europe,Country,ITA,Italy,Year,2019,true,Sex,Both sexes,SEX_BTSX,Cause,Ischaemic heart disease,ENVCAUSE_ENVCAUSE113,,,,,,,17954,,,10897,,23657,17 954 [10 897-23 657],,,EN,2022-08-25T22:00:00.000Z
AIR_41,Ambient air pollution attributable deaths,numeric,EUR,Europe,Country,SWE,Sweden,Year,2019,true,Sex,Both sexes,SEX_BTSX,Cause,Chronic obstructive pulmonary disease,ENVCAUSE_ENVCAUSE118,,,,,,,170.1,,,18.37,,491.1,170 [18-491],,,EN,2022-08-25T22:00:00.000Z
AIR_41,Ambient air pollution attributable deaths,numeric,EUR,Europe,Country,TUR,Türkiye,Year,2019,true,Sex,Both sexes,SEX_BTSX,Cause,Ischaemic heart disease,ENVCAUSE_ENVCAUSE113,,,,,,,18872,,,12203,,24150,18 872 [12 203-24 150],,,EN,2022-08-25T22:00:00.000Z
AIR_41,Ambient air pollution attributable deaths,numeric,EUR,Europe,Country,FRA,France,Year,2019,true,Sex,Both sexes,SEX_BTSX,Cause,Total,ENVCAUSE_ENVCAUSE000,,,,,,,18916,,,13627,,24470,18 916 [13 627-24 470],,,EN,2022-08-25T22:00:00.000Z
AIR_41,Ambient air pollution attributable deaths,numeric,EUR,Europe,Country,CHE,Switzerland,Year,2019,true,Sex,Both sexes,SEX_BTSX,Cause,Lower respiratory infections,ENVCAUSE_ENVCAUSE039,,,,,,,183.7,,,58.12,,366,184 [58-366],,,EN,2022-08-25T22:00:00.000Z
AIR_41,Ambient air pollution attributable deaths,numeric,EUR,Europe,Country,BIH,Bosnia and Herzegovina,Year,2019,true,Sex,Both sexes,SEX_BTSX,Cause,Chronic obstructive pulmonary disease,ENVCAUSE_ENVCAUSE118,,,,,,,187.5,,,65.3,,367.4,188 [65-367],,,EN,2022-08-25T22:00:00.000Z
AIR_41,Ambient air pollution attributable deaths,numeric,EUR,Europe,Country,SVK,Slovakia,Year,2019,true,Sex,Both sexes,SEX_BTSX,Cause,"Trachea, bronchus, lung cancers",ENVCAUSE_ENVCAUSE068,,,,,,,189.2,,,99.12,,314.4,189 [99-314],,,EN,2022-08-25T22:00:00.000Z
AIR_41,Ambient air pollution attributable deaths,numeric,EUR,Europe,Country,AUT,Austria,Year,2019,true,Sex,Both sexes,SEX_BTSX,Cause,Lower respiratory infections,ENVCAUSE_ENVCAUSE039,,,,,,,191.3,,,75.22,,337.2,191 [75-337],,,EN,2022-08-25T22:00:00.000Z
AIR_41,Ambient air pollution attributable deaths,numeric,EUR,Europe,Country,ISL,Iceland,Year,2019,true,Sex,Both sexes,SEX_BTSX,Cause,"Trachea, bronchus, lung cancers",ENVCAUSE_ENVCAUSE068,,,,,,,2.02,,,0.79,,4.2,2 [1-4],,,EN,2022-08-25T22:00:00.000Z
AIR_41,Ambient air pollution attributable deaths,numeric,EUR,Europe,Country,BIH,Bosnia and Herzegovina,Year,2019,true,Sex,Both sexes,SEX_BTSX,Cause,Ischaemic heart disease,ENVCAUSE_ENVCAUSE113,,,,,,,2069,,,1365,,2645,2 069 [1 365-2 645],,,EN,2022-08-25T22:00:00.000Z
AIR_41,Ambient air pollution attributable deaths,numeric,EUR,Europe,Country,SVK,Slovakia,Year,2019,true,Sex,Both sexes,SEX_BTSX,Cause,Ischaemic heart disease,ENVCAUSE_ENVCAUSE113,,,,,,,2074,,,1283,,2721,2 074 [1 283-2 721],,,EN,2022-08-25T22:00:00.000Z
AIR_41,Ambient air pollution attributable deaths,numeric,EUR,Europe,Country,LVA,Latvia,Year,2019,true,Sex,Both sexes,SEX_BTSX,Cause,Total,ENVCAUSE_ENVCAUSE000,,,,,,,2109,,,1434,,2754,2 109 [1 434-2 754],,,EN,2022-08-25T22:00:00.000Z
AIR_41,Ambient air pollution attributable deaths,numeric,EUR,Europe,Country,ARM,Armenia,Year,2019,true,Sex,Both sexes,SEX_BTSX,Cause,Ischaemic heart disease,ENVCAUSE_ENVCAUSE113,,,,,,,2174,,,1456,,2813,2 174 [1 456-2 813],,,EN,2022-08-25T22:00:00.000Z
AIR_41,Ambient air pollution attributable deaths,numeric,EUR,Europe,Country,FRA,France,Year,2019,true,Sex,Both sexes,SEX_BTSX,Cause,Lower respiratory infections,ENVCAUSE_ENVCAUSE039,,,,,,,2202,,,789.3,,4088,2 202 [789-4 088],,,EN,2022-08-25T22:00:00.000Z
AIR_41,Ambient air pollution attributable deaths,numeric,EUR,Europe,Country,DEU,Germany,Year,2019,true,Sex,Both sexes,SEX_BTSX,Cause,"Trachea, bronchus, lung cancers",ENVCAUSE_ENVCAUSE068,,,,,,,2207,,,1065,,3902,2 207 [1 065-3 902],,,EN,2022-08-25T22:00:00.000Z
AIR_41,Ambient air pollution attributable deaths,numeric,EUR,Europe,Country,ITA,Italy,Year,2019,true,Sex,Both sexes,SEX_BTSX,Cause,"Trachea, bronchus, lung cancers",ENVCAUSE_ENVCAUSE068,,,,,,,2227,,,1133,,3712,2 227 [1 133-3 712],,,EN,2022-08-25T22:00:00.000Z
AIR_41,Ambient air pollution attributable deaths,numeric,EUR,Europe,Country,POL,Poland,Year,2019,true,Sex,Both sexes,SEX_BTSX,Cause,"Trachea, bronchus, lung cancers",ENVCAUSE_ENVCAUSE068,,,,,,,2239,,,1198,,3577,2 239 [1 198-3 577],,,EN,2022-08-25T22:00:00.000Z
AIR_41,Ambient air pollution attributable deaths,numeric,EUR,Europe,Country,SWE,Sweden,Year,2019,true,Sex,Both sexes,SEX_BTSX,Cause,Total,ENVCAUSE_ENVCAUSE000,,,,,,,2253,,,1370,,3156,2 253 [1 370-3 156],,,EN,2022-08-25T22:00:00.000Z
AIR_41,Ambient air pollution attributable deaths,numeric,EUR,Europe,Country,ESP,Spain,Year,2019,true,Sex,Both sexes,SEX_BTSX,Cause,Stroke,ENVCAUSE_ENVCAUSE114,,,,,,,2326,,,889.2,,4317,2 326 [889-4 317],,,EN,2022-08-25T22:00:00.000Z
AIR_41,Ambient air pollution attributable deaths,numeric,EUR,Europe,Country,HRV,Croatia,Year,2019,true,Sex,Both sexes,SEX_BTSX,Cause,Ischaemic heart disease,ENVCAUSE_ENVCAUSE113,,,,,,,2330,,,1426,,3062,2 330 [1 426-3 062],,,EN,2022-08-25T22:00:00.000Z
AIR_41,Ambient air pollution attributable deaths,numeric,EUR,Europe,Country,DEU,Germany,Year,2019,true,Sex,Both sexes,SEX_BTSX,Cause,Lower respiratory infections,ENVCAUSE_ENVCAUSE039,,,,,,,2374,,,872.1,,4368,2 374 [872-4 368],,,EN,2022-08-25T22:00:00.000Z
AIR_41,Ambient air pollution attributable deaths,numeric,EUR,Europe,Country,ITA,Italy,Year,2019,true,Sex,Both sexes,SEX_BTSX,Cause,Lower respiratory infections,ENVCAUSE_ENVCAUSE039,,,,,,,2402,,,1084,,3950,2 402 [1 084-3 950],,,EN,2022-08-25T22:00:00.000Z
AIR_41,Ambient air pollution attributable deaths,numeric,EUR,Europe,Country,CHE,Switzerland,Year,2019,true,Sex,Both sexes,SEX_BTSX,Cause,Total,ENVCAUSE_ENVCAUSE000,,,,,,,2461,,,1625,,3224,2 461 [1 625-3 224],,,EN,2022-08-25T22:00:00.000Z
AIR_41,Ambient air pollution attributable deaths,numeric,EUR,Europe,Country,GBR,United Kingdom of Great Britain and Northern Ireland,Year,2019,true,Sex,Both sexes,SEX_BTSX,Cause,Chronic obstructive pulmonary disease,ENVCAUSE_ENVCAUSE118,,,,,,,2494,,,494.1,,6226,2 494 [494-6 226],,,EN,2022-08-25T22:00:00.000Z
AIR_41,Ambient air pollution attributable deaths,numeric,EUR,Europe,Country,BGR,Bulgaria,Year,2019,true,Sex,Both sexes,SEX_BTSX,Cause,Stroke,ENVCAUSE_ENVCAUSE114,,,,,,,2581,,,1258,,4058,2 581 [1 258-4 058],,,EN,2022-08-25T22:00:00.000Z
AIR_41,Ambient air pollution attributable deaths,numeric,EUR,Europe,Country,BEL,Belgium,Year,2019,true,Sex,Both sexes,SEX_BTSX,Cause,Ischaemic heart disease,ENVCAUSE_ENVCAUSE113,,,,,,,2599,,,1524,,3489,2 599 [1 524-3 489],,,EN,2022-08-25T22:00:00.000Z
AIR_41,Ambient air pollution attributable deaths,numeric,EUR,Europe,Country,TUR,Türkiye,Year,2019,true,Sex,Both sexes,SEX_BTSX,Cause,Lower respiratory infections,ENVCAUSE_ENVCAUSE039,,,,,,,2720,,,1602,,3927,2 720 [1 602-3 927],,,EN,2022-08-25T22:00:00.000Z
AIR_41,Ambient air pollution attributable deaths,numeric,EUR,Europe,Country,NLD,Netherlands,Year,2019,true,Sex,Both sexes,SEX_BTSX,Cause,Ischaemic heart disease,ENVCAUSE_ENVCAUSE113,,,,,,,2944,,,1709,,3962,2 944 [1 709-3 962],,,EN,2022-08-25T22:00:00.000Z
AIR_41,Ambient air pollution attributable deaths,numeric,EUR,Europe,Country,EST,Estonia,Year,2019,true,Sex,Both sexes,SEX_BTSX,Cause,Lower respiratory infections,ENVCAUSE_ENVCAUSE039,,,,,,,19.69,,,3.84,,48.33,20 [4-48],,,EN,2022-08-25T22:00:00.000Z
AIR_41,Ambient air pollution attributable deaths,numeric,EUR,Europe,Country,LUX,Luxembourg,Year,2019,true,Sex,Both sexes,SEX_BTSX,Cause,Stroke,ENVCAUSE_ENVCAUSE114,,,,,,,20.11,,,7.4,,37.5,20 [7-37],,,EN,2022-08-25T22:00:00.000Z
AIR_41,Ambient air pollution attributable deaths,numeric,EUR,Europe,Country,ROU,Romania,Year,2019,true,Sex,Both sexes,SEX_BTSX,Cause,Total,ENVCAUSE_ENVCAUSE000,,,,,,,20876,,,14815,,26718,20 876 [14 815-26 718],,,EN,2022-08-25T22:00:00.000Z
AIR_41,Ambient air pollution attributable deaths,numeric,EUR,Europe,Country,HRV,Croatia,Year,2019,true,Sex,Both sexes,SEX_BTSX,Cause,"Trachea, bronchus, lung cancers",ENVCAUSE_ENVCAUSE068,,,,,,,199.6,,,102.1,,334.1,200 [102-334],,,EN,2022-08-25T22:00:00.000Z
AIR_41,Ambient air pollution attributable deaths,numeric,EUR,Europe,Country,CHE,Switzerland,Year,2019,true,Sex,Both sexes,SEX_BTSX,Cause,Chronic obstructive pulmonary disease,ENVCAUSE_ENVCAUSE118,,,,,,,207.7,,,39.17,,527.1,208 [39-527],,,EN,2022-08-25T22:00:00.000Z
AIR_41,Ambient air pollution attributable deaths,numeric,EUR,Europe,Country,SVN,Slovenia,Year,2019,true,Sex,Both sexes,SEX_BTSX,Cause,Stroke,ENVCAUSE_ENVCAUSE114,,,,,,,213.1,,,94.89,,349.8,213 [95-350],,,EN,2022-08-25T22:00:00.000Z
AIR_41,Ambient air pollution attributable deaths,numeric,EUR,Europe,Country,AUT,Austria,Year,2019,true,Sex,Both sexes,SEX_BTSX,Cause,"Trachea, bronchus, lung cancers",ENVCAUSE_ENVCAUSE068,,,,,,,217.4,,,105.8,,377.3,217 [106-377],,,EN,2022-08-25T22:00:00.000Z
AIR_41,Ambient air pollution attributable deaths,numeric,EUR,Europe,Country,GBR,United Kingdom of Great Britain and Northern Ireland,Year,2019,true,Sex,Both sexes,SEX_BTSX,Cause,Total,ENVCAUSE_ENVCAUSE000,,,,,,,22329,,,15669,,29989,22 329 [15 669-29 989],,,EN,2022-08-25T22:00:00.000Z
AIR_41,Ambient air pollution attributable deaths,numeric,EUR,Europe,Country,HUN,Hungary,Year,2019,true,Sex,Both sexes,SEX_BTSX,Cause,Lower respiratory infections,ENVCAUSE_ENVCAUSE039,,,,,,,226.7,,,102.4,,372.4,227 [102-372],,,EN,2022-08-25T22:00:00.000Z
AIR_41,Ambient air pollution attributable deaths,numeric,EUR,Europe,Country,DNK,Denmark,Year,2019,true,Sex,Both sexes,SEX_BTSX,Cause,Lower respiratory infections,ENVCAUSE_ENVCAUSE039,,,,,,,230,,,75,,441.2,230 [75-441],,,EN,2022-08-25T22:00:00.000Z
AIR_41,Ambient air pollution attributable deaths,numeric,EUR,Europe,Country,HRV,Croatia,Year,2019,true,Sex,Both sexes,SEX_BTSX,Cause,Chronic obstructive pulmonary disease,ENVCAUSE_ENVCAUSE118,,,,,,,236.8,,,62.8,,537.6,237 [63-538],,,EN,2022-08-25T22:00:00.000Z
AIR_41,Ambient air pollution attributable deaths,numeric,EUR,Europe,Country,BGR,Bulgaria,Year,2019,true,Sex,Both sexes,SEX_BTSX,Cause,Lower respiratory infections,ENVCAUSE_ENVCAUSE039,,,,,,,239.5,,,117.8,,366.5,239 [118-366],,,EN,2022-08-25T22:00:00.000Z
AIR_41,Ambient air pollution attributable deaths,numeric,EUR,Europe,Country,POL,Poland,Year,2019,true,Sex,Both sexes,SEX_BTSX,Cause,Ischaemic heart disease,ENVCAUSE_ENVCAUSE113,,,,,,,24128,,,15192,,31277,24 128 [15 192-31 277],,,EN,2022-08-25T22:00:00.000Z
AIR_41,Ambient air pollution attributable deaths,numeric,EUR,Europe,Country,DEU,Germany,Year,2019,true,Sex,Both sexes,SEX_BTSX,Cause,Ischaemic heart disease,ENVCAUSE_ENVCAUSE113,,,,,,,24496,,,14105,,33009,24 496 [14 105-33 009],,,EN,2022-08-25T22:00:00.000Z
AIR_41,Ambient air pollution attributable deaths,numeric,EUR,Europe,Country,BIH,Bosnia and Herzegovina,Year,2019,true,Sex,Both sexes,SEX_BTSX,Cause,"Trachea, bronchus, lung cancers",ENVCAUSE_ENVCAUSE068,,,,,,,240.8,,,137.7,,372.6,241 [138-373],,,EN,2022-08-25T22:00:00.000Z
AIR_41,Ambient air pollution attributable deaths,numeric,EUR,Europe,Country,BGR,Bulgaria,Year,2019,true,Sex,Both sexes,SEX_BTSX,Cause,"Trachea, bronchus, lung cancers",ENVCAUSE_ENVCAUSE068,,,,,,,263.2,,,139.9,,430.6,263 [140-431],,,EN,2022-08-25T22:00:00.000Z
AIR_41,Ambient air pollution attributable deaths,numeric,EUR,Europe,Country,SWE,Sweden,Year,2019,true,Sex,Both sexes,SEX_BTSX,Cause,Stroke,ENVCAUSE_ENVCAUSE114,,,,,,,287.7,,,78.67,,637.3,288 [79-637],,,EN,2022-08-25T22:00:00.000Z
AIR_41,Ambient air pollution attributable deaths,numeric,EUR,Europe,Country,AUT,Austria,Year,2019,true,Sex,Both sexes,SEX_BTSX,Cause,Ischaemic heart disease,ENVCAUSE_ENVCAUSE113,,,,,,,3019,,,1772,,4034,3 019 [1 772-4 034],,,EN,2022-08-25T22:00:00.000Z
AIR_41,Ambient air pollution attributable deaths,numeric,EUR,Europe,Country,ALB,Albania,Year,2019,true,Sex,Both sexes,SEX_BTSX,Cause,Total,ENVCAUSE_ENVCAUSE000,,,,,,,3036,,,2182,,3908,3 036 [2 182-3 908],,,EN,2022-08-25T22:00:00.000Z
AIR_41,Ambient air pollution attributable deaths,numeric,EUR,Europe,Country,GBR,United Kingdom of Great Britain and Northern Ireland,Year,2019,true,Sex,Both sexes,SEX_BTSX,Cause,Stroke,ENVCAUSE_ENVCAUSE114,,,,,,,3082,,,1163,,5613,3 082 [1 163-5 613],,,EN,2022-08-25T22:00:00.000Z
AIR_41,Ambient air pollution attributable deaths,numeric,EUR,Europe,Country,SVK,Slovakia,Year,2019,true,Sex,Both sexes,SEX_BTSX,Cause,Total,ENVCAUSE_ENVCAUSE000,,,,,,,3157,,,2300,,3954,3 157 [2 300-3 954],,,EN,2022-08-25T22:00:00.000Z
AIR_41,Ambient air pollution attributable deaths,numeric,EUR,Europe,Country,ARM,Armenia,Year,2019,true,Sex,Both sexes,SEX_BTSX,Cause,Total,ENVCAUSE_ENVCAUSE000,,,,,,,3164,,,2332,,3951,3 164 [2 332-3 951],,,EN,2022-08-25T22:00:00.000Z
AIR_41,Ambient air pollution attributable deaths,numeric,EUR,Europe,Country,FRA,France,Year,2019,true,Sex,Both sexes,SEX_BTSX,Cause,Stroke,ENVCAUSE_ENVCAUSE114,,,,,,,3200,,,1278,,5686,3 200 [1 278-5 686],,,EN,2022-08-25T22:00:00.000Z
AIR_41,Ambient air pollution attributable deaths,numeric,EUR,Europe,Country,ITA,Italy,Year,2019,true,Sex,Both sexes,SEX_BTSX,Cause,Chronic obstructive pulmonary disease,ENVCAUSE_ENVCAUSE118,,,,,,,3450,,,932.4,,7783,3 450 [932-7 783],,,EN,2022-08-25T22:00:00.000Z
AIR_41,Ambient air pollution attributable deaths,numeric,EUR,Europe,Country,HRV,Croatia,Year,2019,true,Sex,Both sexes,SEX_BTSX,Cause,Total,ENVCAUSE_ENVCAUSE000,,,,,,,3624,,,2613,,4576,3 624 [2 613-4 576],,,EN,2022-08-25T22:00:00.000Z
AIR_41,Ambient air pollution attributable deaths,numeric,EUR,Europe,Country,DEU,Germany,Year,2019,true,Sex,Both sexes,SEX_BTSX,Cause,Chronic obstructive pulmonary disease,ENVCAUSE_ENVCAUSE118,,,,,,,3649,,,781.9,,8782,3 649 [782-8 782],,,EN,2022-08-25T22:00:00.000Z
AIR_41,Ambient air pollution attributable deaths,numeric,EUR,Europe,Country,POL,Poland,Year,2019,true,Sex,Both sexes,SEX_BTSX,Cause,Lower respiratory infections,ENVCAUSE_ENVCAUSE039,,,,,,,3674,,,1915,,5522,3 674 [1 915-5 522],,,EN,2022-08-25T22:00:00.000Z
AIR_41,Ambient air pollution attributable deaths,numeric,EUR,Europe,Country,TUR,Türkiye,Year,2019,true,Sex,Both sexes,SEX_BTSX,Cause,"Trachea, bronchus, lung cancers",ENVCAUSE_ENVCAUSE068,,,,,,,3698,,,2124,,5791,3 698 [2 124-5 791],,,EN,2022-08-25T22:00:00.000Z
AIR_41,Ambient air pollution attributable deaths,numeric,EUR,Europe,Country,BIH,Bosnia and Herzegovina,Year,2019,true,Sex,Both sexes,SEX_BTSX,Cause,Total,ENVCAUSE_ENVCAUSE000,,,,,,,3765,,,2881,,4653,3 765 [2 881-4 653],,,EN,2022-08-25T22:00:00.000Z
AIR_41,Ambient air pollution attributable deaths,numeric,EUR,Europe,Country,TUR,Türkiye,Year,2019,true,Sex,Both sexes,SEX_BTSX,Cause,Chronic obstructive pulmonary disease,ENVCAUSE_ENVCAUSE118,,,,,,,3797,,,1255,,7678,3 797 [1 255-7 678],,,EN,2022-08-25T22:00:00.000Z
AIR_41,Ambient air pollution attributable deaths,numeric,EUR,Europe,Country,GRC,Greece,Year,2019,true,Sex,Both sexes,SEX_BTSX,Cause,Ischaemic heart disease,ENVCAUSE_ENVCAUSE113,,,,,,,3971,,,2422,,5293,3 971 [2 422-5 293],,,EN,2022-08-25T22:00:00.000Z
AIR_41,Ambient air pollution attributable deaths,numeric,EUR,Europe,Country,FIN,Finland,Year,2019,true,Sex,Both sexes,SEX_BTSX,Cause,"Trachea, bronchus, lung cancers",ENVCAUSE_ENVCAUSE068,,,,,,,30.01,,,11.68,,61.04,30 [12-61],,,EN,2022-08-25T22:00:00.000Z
AIR_41,Ambient air pollution attributable deaths,numeric,EUR,Europe,Country,DNK,Denmark,Year,2019,true,Sex,Both sexes,SEX_BTSX,Cause,Stroke,ENVCAUSE_ENVCAUSE114,,,,,,,304.4,,,118.4,,550.9,304 [118-551],,,EN,2022-08-25T22:00:00.000Z
AIR_41,Ambient air pollution attributable deaths,numeric,EUR,Europe,Country,CHE,Switzerland,Year,2019,true,Sex,Both sexes,SEX_BTSX,Cause,Stroke,ENVCAUSE_ENVCAUSE114,,,,,,,306.9,,,112.2,,563.4,307 [112-563],,,EN,2022-08-25T22:00:00.000Z
AIR_41,Ambient air pollution attributable deaths,numeric,EUR,Europe,Country,LVA,Latvia,Year,2019,true,Sex,Both sexes,SEX_BTSX,Cause,Chronic obstructive pulmonary disease,ENVCAUSE_ENVCAUSE118,,,,,,,32.08,,,7.51,,74.71,32 [8-75],,,EN,2022-08-25T22:00:00.000Z
AIR_41,Ambient air pollution attributable deaths,numeric,EUR,Europe,Country,ITA,Italy,Year,2019,true,Sex,Both sexes,SEX_BTSX,Cause,Total,ENVCAUSE_ENVCAUSE000,,,,,,,32738,,,23731,,41752,32 738 [23 731-41 752],,,EN,2022-08-25T22:00:00.000Z
AIR_41,Ambient air pollution attributable deaths,numeric,EUR,Europe,Country,ARM,Armenia,Year,2019,true,Sex,Both sexes,SEX_BTSX,Cause,Lower respiratory infections,ENVCAUSE_ENVCAUSE039,,,,,,,323.7,,,205.8,,438.7,324 [206-439],,,EN,2022-08-25T22:00:00.000Z
AIR_41,Ambient air pollution attributable deaths,numeric,EUR,Europe,Country,SVK,Slovakia,Year,2019,true,Sex,Both sexes,SEX_BTSX,Cause,Lower respiratory infections,ENVCAUSE_ENVCAUSE039,,,,,,,327.5,,,152.2,,517.4,328 [152-517],,,EN,2022-08-25T22:00:00.000Z
AIR_41,Ambient air pollution attributable deaths,numeric,EUR,Europe,Country,DNK,Denmark,Year,2019,true,Sex,Both sexes,SEX_BTSX,Cause,Chronic obstructive pulmonary disease,ENVCAUSE_ENVCAUSE118,,,,,,,338,,,65.1,,839.1,338 [65-839],,,EN,2022-08-25T22:00:00.000Z
AIR_41,Ambient air pollution attributable deaths,numeric,EUR,Europe,Country,BEL,Belgium,Year,2019,true,Sex,Both sexes,SEX_BTSX,Cause,"Trachea, bronchus, lung cancers",ENVCAUSE_ENVCAUSE068,,,,,,,340.8,,,164.4,,589.5,341 [164-590],,,EN,2022-08-25T22:00:00.000Z
AIR_41,Ambient air pollution attributable deaths,numeric,EUR,Europe,Country,TUR,Türkiye,Year,2019,true,Sex,Both sexes,SEX_BTSX,Cause,Total,ENVCAUSE_ENVCAUSE000,,,,,,,35314,,,27076,,43253,35 314 [27 076-43 253],,,EN,2022-08-25T22:00:00.000Z
AIR_41,Ambient air pollution attributable deaths,numeric,EUR,Europe,Country,POL,Poland,Year,2019,true,Sex,Both sexes,SEX_BTSX,Cause,Total,ENVCAUSE_ENVCAUSE000,,,,,,,35970,,,26546,,44516,35 970 [26 546-44 516],,,EN,2022-08-25T22:00:00.000Z
AIR_41,Ambient air pollution attributable deaths,numeric,EUR,Europe,Country,EST,Estonia,Year,2019,true,Sex,Both sexes,SEX_BTSX,Cause,Ischaemic heart disease,ENVCAUSE_ENVCAUSE113,,,,,,,357,,,180.2,,523.7,357 [180-524],,,EN,2022-08-25T22:00:00.000Z
AIR_41,Ambient air pollution attributable deaths,numeric,EUR,Europe,Country,ARM,Armenia,Year,2019,true,Sex,Both sexes,SEX_BTSX,Cause,Stroke,ENVCAUSE_ENVCAUSE114,,,,,,,359,,,181,,541.6,359 [181-542],,,EN,2022-08-25T22:00:00.000Z
AIR_41,Ambient air pollution attributable deaths,numeric,EUR,Europe,Country,CZE,Czechia,Year,2019,true,Sex,Both sexes,SEX_BTSX,Cause,"Trachea, bronchus, lung cancers",ENVCAUSE_ENVCAUSE068,,,,,,,359.7,,,184.3,,598.2,360 [184-598],,,EN,2022-08-25T22:00:00.000Z
AIR_41,Ambient air pollution attributable deaths,numeric,EUR,Europe,Country,DEU,Germany,Year,2019,true,Sex,Both sexes,SEX_BTSX,Cause,Total,ENVCAUSE_ENVCAUSE000,,,,,,,37207,,,25253,,48189,37 207 [25 253-48 189],,,EN,2022-08-25T22:00:00.000Z
AIR_41,Ambient air pollution attributable deaths,numeric,EUR,Europe,Country,AUT,Austria,Year,2019,true,Sex,Both sexes,SEX_BTSX,Cause,Chronic obstructive pulmonary disease,ENVCAUSE_ENVCAUSE118,,,,,,,371,,,84.27,,886.6,371 [84-887],,,EN,2022-08-25T22:00:00.000Z
AIR_41,Ambient air pollution attributable deaths,numeric,EUR,Europe,Country,ISL,Iceland,Year,2019,true,Sex,Both sexes,SEX_BTSX,Cause,Lower respiratory infections,ENVCAUSE_ENVCAUSE039,,,,,,,3.69,,,0.68,,10.1,4 [1-10],,,EN,2022-08-25T22:00:00.000Z
AIR_41,Ambient air pollution attributable deaths,numeric,EUR,Europe,Country,GBR,United Kingdom of Great Britain and Northern Ireland,Year,2019,true,Sex,Both sexes,SEX_BTSX,Cause,Lower respiratory infections,ENVCAUSE_ENVCAUSE039,,,,,,,4081,,,1348,,7943,4 081 [1 348-7 943],,,EN,2022-08-25T22:00:00.000Z
AIR_41,Ambient air pollution attributable deaths,numeric,EUR,Europe,Country,POL,Poland,Year,2019,true,Sex,Both sexes,SEX_BTSX,Cause,Stroke,ENVCAUSE_ENVCAUSE114,,,,,,,4135,,,2052,,6362,4 135 [2 052-6 362],,,EN,2022-08-25T22:00:00.000Z
AIR_41,Ambient air pollution attributable deaths,numeric,EUR,Europe,Country,AUT,Austria,Year,2019,true,Sex,Both sexes,SEX_BTSX,Cause,Total,ENVCAUSE_ENVCAUSE000,,,,,,,4289,,,2927,,5560,4 289 [2 927-5 560],,,EN,2022-08-25T22:00:00.000Z
AIR_41,Ambient air pollution attributable deaths,numeric,EUR,Europe,Country,DEU,Germany,Year,2019,true,Sex,Both sexes,SEX_BTSX,Cause,Stroke,ENVCAUSE_ENVCAUSE114,,,,,,,4482,,,1787,,7875,4 482 [1 787-7 875],,,EN,2022-08-25T22:00:00.000Z
AIR_41,Ambient air pollution attributable deaths,numeric,EUR,Europe,Country,BEL,Belgium,Year,2019,true,Sex,Both sexes,SEX_BTSX,Cause,Total,ENVCAUSE_ENVCAUSE000,,,,,,,4883,,,3491,,6364,4 883 [3 491-6 364],,,EN,2022-08-25T22:00:00.000Z
AIR_41,Ambient air pollution attributable deaths,numeric,EUR,Europe,Country,ISL,Iceland,Year,2019,true,Sex,Both sexes,SEX_BTSX,Cause,Ischaemic heart disease,ENVCAUSE_ENVCAUSE113,,,,,,,40.07,,,18.76,,62.2,40 [19-62],,,EN,2022-08-25T22:00:00.000Z
AIR_41,Ambient air pollution attributable deaths,numeric,EUR,Europe,Country,FIN,Finland,Year,2019,true,Sex,Both sexes,SEX_BTSX,Cause,Chronic obstructive pulmonary disease,ENVCAUSE_ENVCAUSE118,,,,,,,41.97,,,3.76,,129,42 [4-129],,,EN,2022-08-25T22:00:00.000Z
AIR_41,Ambient air pollution attributable deaths,numeric,EUR,Europe,Country,SVK,Slovakia,Year,2019,true,Sex,Both sexes,SEX_BTSX,Cause,Stroke,ENVCAUSE_ENVCAUSE114,,,,,,,434.8,,,203.2,,692.3,435 [203-692],,,EN,2022-08-25T22:00:00.000Z
AIR_41,Ambient air pollution attributable deaths,numeric,EUR,Europe,Country,NOR,Norway,Year,2019,true,Sex,Both sexes,SEX_BTSX,Cause,"Trachea, bronchus, lung cancers",ENVCAUSE_ENVCAUSE068,,,,,,,44.25,,,18.83,,85.71,44 [19-86],,,EN,2022-08-25T22:00:00.000Z
AIR_41,Ambient air pollution attributable deaths,numeric,EUR,Europe,Country,CZE,Czechia,Year,2019,true,Sex,Both sexes,SEX_BTSX,Cause,Chronic obstructive pulmonary disease,ENVCAUSE_ENVCAUSE118,,,,,,,450.8,,,120.4,,1007,451 [120-1 007],,,EN,2022-08-25T22:00:00.000Z
AIR_41,Ambient air pollution attributable deaths,numeric,EUR,Europe,Country,EST,Estonia,Year,2019,true,Sex,Both sexes,SEX_BTSX,Cause,Total,ENVCAUSE_ENVCAUSE000,,,,,,,460.5,,,258.5,,655.8,461 [259-656],,,EN,2022-08-25T22:00:00.000Z
AIR_41,Ambient air pollution attributable deaths,numeric,EUR,Europe,Country,UKR,Ukraine,Year,2019,true,Sex,Both sexes,SEX_BTSX,Cause,Ischaemic heart disease,ENVCAUSE_ENVCAUSE113,,,,,,,49315,,,28394,,67962,49 315 [28 394-67 962],,,EN,2022-08-25T22:00:00.000Z
AIR_41,Ambient air pollution attributable deaths,numeric,EUR,Europe,Country,AUT,Austria,Year,2019,true,Sex,Both sexes,SEX_BTSX,Cause,Stroke,ENVCAUSE_ENVCAUSE114,,,,,,,490.4,,,200.3,,844,490 [200-844],,,EN,2022-08-25T22:00:00.000Z
AIR_41,Ambient air pollution attributable deaths,numeric,EUR,Europe,Country,BGR,Bulgaria,Year,2019,true,Sex,Both sexes,SEX_BTSX,Cause,Chronic obstructive pulmonary disease,ENVCAUSE_ENVCAUSE118,,,,,,,494.1,,,145.6,,1063,494 [146-1 063],,,EN,2022-08-25T22:00:00.000Z
AIR_41,Ambient air pollution attributable deaths,numeric,EUR,Europe,Country,GRC,Greece,Year,2019,true,Sex,Both sexes,SEX_BTSX,Cause,"Trachea, bronchus, lung cancers",ENVCAUSE_ENVCAUSE068,,,,,,,496.5,,,257.8,,831.4,496 [258-831],,,EN,2022-08-25T22:00:00.000Z
AIR_41,Ambient air pollution attributable deaths,numeric,EUR,Europe,Country,ISL,Iceland,Year,2019,true,Sex,Both sexes,SEX_BTSX,Cause,Chronic obstructive pulmonary disease,ENVCAUSE_ENVCAUSE118,,,,,,,4.64,,,0.53,,14.55,5 [1-15],,,EN,2022-08-25T22:00:00.000Z
AIR_41,Ambient air pollution attributable deaths,numeric,EUR,Europe,Country,ROU,Romania,Year,2019,true,Sex,Both sexes,SEX_BTSX,Cause,Stroke,ENVCAUSE_ENVCAUSE114,,,,,,,5154,,,2267,,8621,5 154 [2 267-8 621],,,EN,2022-08-25T22:00:00.000Z
AIR_41,Ambient air pollution attributable deaths,numeric,EUR,Europe,Country,NLD,Netherlands,Year,2019,true,Sex,Both sexes,SEX_BTSX,Cause,Total,ENVCAUSE_ENVCAUSE000,,,,,,,5733,,,4066,,7591,5 733 [4 066-7 591],,,EN,2022-08-25T22:00:00.000Z
AIR_41,Ambient air pollution attributable deaths,numeric,EUR,Europe,Country,CZE,Czechia,Year,2019,true,Sex,Both sexes,SEX_BTSX,Cause,Ischaemic heart disease,ENVCAUSE_ENVCAUSE113,,,,,,,5908,,,3616,,7780,5 908 [3 616-7 780],,,EN,2022-08-25T22:00:00.000Z
AIR_41,Ambient air pollution attributable deaths,numeric,EUR,Europe,Country,LVA,Latvia,Year,2019,true,Sex,Both sexes,SEX_BTSX,Cause,"Trachea, bronchus, lung cancers",ENVCAUSE_ENVCAUSE068,,,,,,,51.45,,,24.54,,87.25,51 [25-87],,,EN,2022-08-25T22:00:00.000Z
AIR_41,Ambient air pollution attributable deaths,numeric,EUR,Europe,Country,NLD,Netherlands,Year,2019,true,Sex,Both sexes,SEX_BTSX,Cause,"Trachea, bronchus, lung cancers",ENVCAUSE_ENVCAUSE068,,,,,,,522.4,,,251.8,,918.2,522 [252-918],,,EN,2022-08-25T22:00:00.000Z
AIR_41,Ambient air pollution attributable deaths,numeric,EUR,Europe,Country,HUN,Hungary,Year,2019,true,Sex,Both sexes,SEX_BTSX,Cause,"Trachea, bronchus, lung cancers",ENVCAUSE_ENVCAUSE068,,,,,,,551.6,,,288,,936.1,552 [288-936],,,EN,2022-08-25T22:00:00.000Z
AIR_41,Ambient air pollution attributable deaths,numeric,EUR,Europe,Country,LVA,Latvia,Year,2019,true,Sex,Both sexes,SEX_BTSX,Cause,Stroke,ENVCAUSE_ENVCAUSE114,,,,,,,565.1,,,238.6,,965.2,565 [239-965],,,EN,2022-08-25T22:00:00.000Z
AIR_41,Ambient air pollution attributable deaths,numeric,EUR,Europe,Country,NLD,Netherlands,Year,2019,true,Sex,Both sexes,SEX_BTSX,Cause,Lower respiratory infections,ENVCAUSE_ENVCAUSE039,,,,,,,569.5,,,208.9,,1039,569 [209-1 039],,,EN,2022-08-25T22:00:00.000Z
AIR_41,Ambient air pollution attributable deaths,numeric,EUR,Europe,Country,ISL,Iceland,Year,2019,true,Sex,Both sexes,SEX_BTSX,Cause,Total,ENVCAUSE_ENVCAUSE000,,,,,,,56.64,,,32.51,,84.74,57 [33-85],,,EN,2022-08-25T22:00:00.000Z
AIR_41,Ambient air pollution attributable deaths,numeric,EUR,Europe,Country,BEL,Belgium,Year,2019,true,Sex,Both sexes,SEX_BTSX,Cause,Chronic obstructive pulmonary disease,ENVCAUSE_ENVCAUSE118,,,,,,,572.5,,,128.9,,1357,573 [129-1 357],,,EN,2022-08-25T22:00:00.000Z
AIR_41,Ambient air pollution attributable deaths,numeric,EUR,Europe,Country,NOR,Norway,Year,2019,true,Sex,Both sexes,SEX_BTSX,Cause,Ischaemic heart disease,ENVCAUSE_ENVCAUSE113,,,,,,,587.3,,,296,,866,587 [296-866],,,EN,2022-08-25T22:00:00.000Z
AIR_41,Ambient air pollution attributable deaths,numeric,EUR,Europe,Country,ISL,Iceland,Year,2019,true,Sex,Both sexes,SEX_BTSX,Cause,Stroke,ENVCAUSE_ENVCAUSE114,,,,,,,6.22,,,1.52,,14.38,6 [2-14],,,EN,2022-08-25T22:00:00.000Z
AIR_41,Ambient air pollution attributable deaths,numeric,EUR,Europe,Country,TUR,Türkiye,Year,2019,true,Sex,Both sexes,SEX_BTSX,Cause,Stroke,ENVCAUSE_ENVCAUSE114,,,,,,,6227,,,3141,,9442,6 227 [3 141-9 442],,,EN,2022-08-25T22:00:00.000Z
AIR_41,Ambient air pollution attributable deaths,numeric,EUR,Europe,Country,ITA,Italy,Year,2019,true,Sex,Both sexes,SEX_BTSX,Cause,Stroke,ENVCAUSE_ENVCAUSE114,,,,,,,6705,,,3025,,11046,6 705 [3 025-11 046],,,EN,2022-08-25T22:00:00.000Z
AIR_41,Ambient air pollution attributable deaths,numeric,EUR,Europe,Country,HUN,Hungary,Year,2019,true,Sex,Both sexes,SEX_BTSX,Cause,Ischaemic heart disease,ENVCAUSE_ENVCAUSE113,,,,,,,6872,,,4145,,9163,6 872 [4 145-9 163],,,EN,2022-08-25T22:00:00.000Z
AIR_41,Ambient air pollution attributable deaths,numeric,EUR,Europe,Country,UKR,Ukraine,Year,2019,true,Sex,Both sexes,SEX_BTSX,Cause,Total,ENVCAUSE_ENVCAUSE000,,,,,,,60203,,,36439,,80776,60 203 [36 439-80 776],,,EN,2022-08-25T22:00:00.000Z
AIR_41,Ambient air pollution attributable deaths,numeric,EUR,Europe,Country,GRC,Greece,Year,2019,true,Sex,Both sexes,SEX_BTSX,Cause,Chronic obstructive pulmonary disease,ENVCAUSE_ENVCAUSE118,,,,,,,605.5,,,156.3,,1355,605 [156-1 355],,,EN,2022-08-25T22:00:00.000Z
AIR_41,Ambient air pollution attributable deaths,numeric,EUR,Europe,Country,EST,Estonia,Year,2019,true,Sex,Both sexes,SEX_BTSX,Cause,Stroke,ENVCAUSE_ENVCAUSE114,,,,,,,60.68,,,16.78,,130.7,61 [17-131],,,EN,2022-08-25T22:00:00.000Z
AIR_41,Ambient air pollution attributable deaths,numeric,EUR,Europe,Country,SWE,Sweden,Year,2019,true,Sex,Both sexes,SEX_BTSX,Cause,"Trachea, bronchus, lung cancers",ENVCAUSE_ENVCAUSE068,,,,,,,61.43,,,25.29,,121.2,61 [25-121],,,EN,2022-08-25T22:00:00.000Z
AIR_41,Ambient air pollution attributable deaths,numeric,EUR,Europe,Country,SVN,Slovenia,Year,2019,true,Sex,Both sexes,SEX_BTSX,Cause,Lower respiratory infections,ENVCAUSE_ENVCAUSE039,,,,,,,60.64,,,26.42,,100.1,61 [26-100],,,EN,2022-08-25T22:00:00.000Z
AIR_41,Ambient air pollution attributable deaths,numeric,EUR,Europe,Country,CZE,Czechia,Year,2019,true,Sex,Both sexes,SEX_BTSX,Cause,Lower respiratory infections,ENVCAUSE_ENVCAUSE039,,,,,,,612.3,,,273,,1006,612 [273-1 006],,,EN,2022-08-25T22:00:00.000Z
AIR_41,Ambient air pollution attributable deaths,numeric,EUR,Europe,Country,ROU,Romania,Year,2019,true,Sex,Both sexes,SEX_BTSX,Cause,"Trachea, bronchus, lung cancers",ENVCAUSE_ENVCAUSE068,,,,,,,616.6,,,313.5,,1053,617 [313-1 053],,,EN,2022-08-25T22:00:00.000Z
AIR_41,Ambient air pollution attributable deaths,numeric,EUR,Europe,Country,IRL,Ireland,Year,2019,true,Sex,Both sexes,SEX_BTSX,Cause,"Trachea, bronchus, lung cancers",ENVCAUSE_ENVCAUSE068,,,,,,,61.82,,,27.34,,114.7,62 [27-115],,,EN,2022-08-25T22:00:00.000Z
AIR_41,Ambient air pollution attributable deaths,numeric,EUR,Europe,Country,LVA,Latvia,Year,2019,true,Sex,Both sexes,SEX_BTSX,Cause,Lower respiratory infections,ENVCAUSE_ENVCAUSE039,,,,,,,63.33,,,25.15,,108.4,63 [25-108],,,EN,2022-08-25T22:00:00.000Z
AIR_41,Ambient air pollution attributable deaths,numeric,EUR,Europe,Country,SVN,Slovenia,Year,2019,true,Sex,Both sexes,SEX_BTSX,Cause,Ischaemic heart disease,ENVCAUSE_ENVCAUSE113,,,,,,,673.6,,,411.1,,884.8,674 [411-885],,,EN,2022-08-25T22:00:00.000Z
AIR_41,Ambient air pollution attributable deaths,numeric,EUR,Europe,Country,BEL,Belgium,Year,2019,true,Sex,Both sexes,SEX_BTSX,Cause,Lower respiratory infections,ENVCAUSE_ENVCAUSE039,,,,,,,682,,,253.7,,1232,682 [254-1 232],,,EN,2022-08-25T22:00:00.000Z
AIR_41,Ambient air pollution attributable deaths,numeric,EUR,Europe,Country,BEL,Belgium,Year,2019,true,Sex,Both sexes,SEX_BTSX,Cause,Stroke,ENVCAUSE_ENVCAUSE114,,,,,,,689.1,,,290.1,,1191,689 [290-1 191],,,EN,2022-08-25T22:00:00.000Z
AIR_41,Ambient air pollution attributable deaths,numeric,EUR,Europe,Country,IRL,Ireland,Year,2019,true,Sex,Both sexes,SEX_BTSX,Cause,Ischaemic heart disease,ENVCAUSE_ENVCAUSE113,,,,,,,691.3,,,382.6,,969.6,691 [383-970],,,EN,2022-08-25T22:00:00.000Z
AIR_41,Ambient air pollution attributable deaths,numeric,EUR,Europe,Country,HUN,Hungary,Year,2019,true,Sex,Both sexes,SEX_BTSX,Cause,Chronic obstructive pulmonary disease,ENVCAUSE_ENVCAUSE118,,,,,,,693.3,,,181.4,,1563,693 [181-1 563],,,EN,2022-08-25T22:00:00.000Z
AIR_41,Ambient air pollution attributable deaths,numeric,EUR,Europe,Country,BGR,Bulgaria,Year,2019,true,Sex,Both sexes,SEX_BTSX,Cause,Ischaemic heart disease,ENVCAUSE_ENVCAUSE113,,,,,,,7285,,,4502,,9499,7 285 [4 502-9 499],,,EN,2022-08-25T22:00:00.000Z
AIR_41,Ambient air pollution attributable deaths,numeric,EUR,Europe,Country,GRC,Greece,Year,2019,true,Sex,Both sexes,SEX_BTSX,Cause,Total,ENVCAUSE_ENVCAUSE000,,,,,,,7870,,,5914,,9926,7 870 [5 914-9 926],,,EN,2022-08-25T22:00:00.000Z
AIR_41,Ambient air pollution attributable deaths,numeric,EUR,Europe,Country,ESP,Spain,Year,2019,true,Sex,Both sexes,SEX_BTSX,Cause,Ischaemic heart disease,ENVCAUSE_ENVCAUSE113,,,,,,,7974,,,4521,,10967,7 974 [4 521-10 967],,,EN,2022-08-25T22:00:00.000Z
AIR_41,Ambient air pollution attributable deaths,numeric,EUR,Europe,Country,HRV,Croatia,Year,2019,true,Sex,Both sexes,SEX_BTSX,Cause,Stroke,ENVCAUSE_ENVCAUSE114,,,,,,,699.6,,,321.5,,1139,700 [322-1 139],,,EN,2022-08-25T22:00:00.000Z
AIR_41,Ambient air pollution attributable deaths,numeric,EUR,Europe,Country,SVN,Slovenia,Year,2019,true,Sex,Both sexes,SEX_BTSX,Cause,Chronic obstructive pulmonary disease,ENVCAUSE_ENVCAUSE118,,,,,,,72.09,,,18.53,,163.3,72 [19-163],,,EN,2022-08-25T22:00:00.000Z
AIR_41,Ambient air pollution attributable deaths,numeric,EUR,Europe,Country,ROU,Romania,Year,2019,true,Sex,Both sexes,SEX_BTSX,Cause,Chronic obstructive pulmonary disease,ENVCAUSE_ENVCAUSE118,,,,,,,750,,,193.9,,1737,750 [194-1 737],,,EN,2022-08-25T22:00:00.000Z
AIR_41,Ambient air pollution attributable deaths,numeric,EUR,Europe,Country,ALB,Albania,Year,2019,true,Sex,Both sexes,SEX_BTSX,Cause,"Trachea, bronchus, lung cancers",ENVCAUSE_ENVCAUSE068,,,,,,,77.47,,,40.1,,125.5,77 [40-125],,,EN,2022-08-25T22:00:00.000Z
AIR_41,Ambient air pollution attributable deaths,numeric,EUR,Europe,Country,UKR,Ukraine,Year,2019,true,Sex,Both sexes,SEX_BTSX,Cause,Stroke,ENVCAUSE_ENVCAUSE114,,,,,,,8080,,,3304,,13924,8 080 [3 304-13 924],,,EN,2022-08-25T22:00:00.000Z
AIR_41,Ambient air pollution attributable deaths,numeric,EUR,Europe,Country,CZE,Czechia,Year,2019,true,Sex,Both sexes,SEX_BTSX,Cause,Total,ENVCAUSE_ENVCAUSE000,,,,,,,8199,,,5785,,10346,8 199 [5 785-10 346],,,EN,2022-08-25T22:00:00.000Z
AIR_41,Ambient air pollution attributable deaths,numeric,EUR,Europe,Country,SVN,Slovenia,Year,2019,true,Sex,Both sexes,SEX_BTSX,Cause,"Trachea, bronchus, lung cancers",ENVCAUSE_ENVCAUSE068,,,,,,,82.05,,,42.35,,138.2,82 [42-138],,,EN,2022-08-25T22:00:00.000Z
AIR_41,Ambient air pollution attributable deaths,numeric,EUR,Europe,Country,NLD,Netherlands,Year,2019,true,Sex,Both sexes,SEX_BTSX,Cause,Chronic obstructive pulmonary disease,ENVCAUSE_ENVCAUSE118,,,,,,,819.7,,,174.3,,1993,820 [174-1 993],,,EN,2022-08-25T22:00:00.000Z
AIR_41,Ambient air pollution attributable deaths,numeric,EUR,Europe,Country,DNK,Denmark,Year,2019,true,Sex,Both sexes,SEX_BTSX,Cause,Ischaemic heart disease,ENVCAUSE_ENVCAUSE113,,,,,,,845.2,,,478.5,,1175,845 [479-1 175],,,EN,2022-08-25T22:00:00.000Z
AIR_41,Ambient air pollution attributable deaths,numeric,EUR,Europe,Country,ESP,Spain,Year,2019,true,Sex,Both sexes,SEX_BTSX,Cause,"Trachea, bronchus, lung cancers",ENVCAUSE_ENVCAUSE068,,,,,,,864.5,,,400.8,,1567,864 [401-1 567],,,EN,2022-08-25T22:00:00.000Z
AIR_41,Ambient air pollution attributable deaths,numeric,EUR,Europe,Country,CZE,Czechia,Year,2019,true,Sex,Both sexes,SEX_BTSX,Cause,Stroke,ENVCAUSE_ENVCAUSE114,,,,,,,867.5,,,392,,1424,868 [392-1 424],,,EN,2022-08-25T22:00:00.000Z
AIR_41,Ambient air pollution attributable deaths,numeric,EUR,Europe,Country,NLD,Netherlands,Year,2019,true,Sex,Both sexes,SEX_BTSX,Cause,Stroke,ENVCAUSE_ENVCAUSE114,,,,,,,877.8,,,351.2,,1533,878 [351-1 533],,,EN,2022-08-25T22:00:00.000Z
AIR_41,Ambient air pollution attributable deaths,numeric,EUR,Europe,Country,HUN,Hungary,Year,2019,true,Sex,Both sexes,SEX_BTSX,Cause,Total,ENVCAUSE_ENVCAUSE000,,,,,,,9635,,,6715,,12244,9 635 [6 715-12 244],,,EN,2022-08-25T22:00:00.000Z
AIR_41,Ambient air pollution attributable deaths,numeric,EUR,Europe,Country,UKR,Ukraine,Year,2019,true,Sex,Both sexes,SEX_BTSX,Cause,"Trachea, bronchus, lung cancers",ENVCAUSE_ENVCAUSE068,,,,,,,912.7,,,414.9,,1658,913 [415-1 658],,,EN,2022-08-25T22:00:00.000Z
AIR_41,Ambient air pollution attributable deaths,numeric,EUR,Europe,Country,FIN,Finland,Year,2019,true,Sex,Both sexes,SEX_BTSX,Cause,Ischaemic heart disease,ENVCAUSE_ENVCAUSE113,,,,,,,926.5,,,443.8,,1428,927 [444-1 428],,,EN,2022-08-25T22:00:00.000Z
AIR_41,Ambient air pollution attributable deaths,numeric,EUR,Europe,Country,UKR,Ukraine,Year,2019,true,Sex,Both sexes,SEX_BTSX,Cause,Lower respiratory infections,ENVCAUSE_ENVCAUSE039,,,,,,,934.1,,,381.5,,1605,934 [381-1 605],,,EN,2022-08-25T22:00:00.000Z
AIR_41,Ambient air pollution attributable deaths,numeric,EUR,Europe,Country,UKR,Ukraine,Year,2019,true,Sex,Both sexes,SEX_BTSX,Cause,Chronic obstructive pulmonary disease,ENVCAUSE_ENVCAUSE118,,,,,,,961.2,,,255,,2220,961 [255-2 220],,,EN,2022-08-25T22:00:00.000Z
AIR_41,Ambient air pollution attributable deaths,numeric,EUR,Europe,Country,NOR,Norway,Year,2019,true,Sex,Both sexes,SEX_BTSX,Cause,Total,ENVCAUSE_ENVCAUSE000,,,,,,,972.8,,,607.2,,1415,973 [607-1 415],,,EN,2022-08-25T22:00:00.000Z
AIR_41,Ambient air pollution attributable deaths,numeric,EUR,Europe,Country,NOR,Norway,Year,2019,true,Sex,Both sexes,SEX_BTSX,Cause,Lower respiratory infections,ENVCAUSE_ENVCAUSE039,,,,,,,97.51,,,22.85,,230.6,98 [23-231],,,EN,2022-08-25T22:00:00.000Z
